id,common_name,category,symptom_description,likely_cause,trigger_conditions,disambiguation_notes,soil_related,recommended_action,confidence_source,region_notes,notes_conflicts
BS,Brown Spot,fungal_disease,"First noticeable symptoms develop on leaf blades and consist of small chlorotic spots, arranged as alternate bands of diseased and healthy tissue. Spots on the mid-ribs are circular and dark brown, while lesions on the laminae continue as chlorotic spots. Nodes and internodes also show brown lesions. In severe infections, these may coalesce and induce stalk rotting and lodging.",Physoderma maydis,Normally the disease occurs in areas of abundant rainfall and high mean temperatures.,,FALSE,,CIMMYT Maize Diseases Guide p. 5,,
CTDM,Crazy Top Downy Mildew / Yellow Wilt of Rice,fungal_disease,"Usually, there is chlorotic striping of leaves and leaf sheaths, and dwarfing. Induces tassel malformations where no pollen is produced, and ears, if formed at all, are nubbins. Leaves may be narrow, thick, and abnormally erect.",Sclerophthora macrospora,The disease is most prevalent in warm and humid regions.,False head smut does not produce tassel malformation or ear infection as does true head smut (Sphacelotheca reiliana).,FALSE,,CIMMYT Maize Diseases Guide p. 8,,
BSDM,Brown Stripe Downy Mildew,fungal_disease,"Chlorotic striping of leaves and leaf sheaths, and dwarfing. Conspicuous after development of a 'downy growth' on or under leaf surfaces.",Sclerophthora rayssiae var. zeae,The disease is most prevalent in warm and humid regions.,,FALSE,,CIMMYT Maize Diseases Guide p. 8,,
GDM,Graminicola Downy Mildew of Maize / Green Ear Disease,fungal_disease,"Chlorotic striping of leaves and leaf sheaths, and dwarfing. Conspicuous downy growth on or under leaf surfaces.",Sclerospora graminicola,Prevalent in warm and humid regions.,,FALSE,,CIMMYT Maize Diseases Guide p. 8,,
JDM,Java Downy Mildew of Maize,fungal_disease,"Chlorotic striping of leaves and leaf sheaths, and dwarfing.",Peronosclerospora maydis,Prevalent in warm and humid regions.,,FALSE,,CIMMYT Maize Diseases Guide p. 8,,
PDM,Philippine Downy Mildew of Maize,fungal_disease,"Chlorotic striping of leaves and leaf sheaths, and dwarfing. Conspicuous downy growth on or under leaf surfaces.",Peronosclerospora philippinensis,Prevalent in warm and humid regions.,,FALSE,,CIMMYT Maize Diseases Guide p. 8,,
SDM,Sugarcane Downy Mildew of Maize,fungal_disease,"Chlorotic striping of leaves and leaf sheaths, and dwarfing.",Peronosclerospora sacchari,Prevalent in warm and humid regions.,,FALSE,,CIMMYT Maize Diseases Guide p. 8,,
SorghumDM,Sorghum Downy Mildew of Maize,fungal_disease,"Chlorotic striping of leaves and leaf sheaths, and dwarfing. Downy growth on or under leaf surfaces, most conspicuous after conidia formation which commonly occurs in early morning.",Peronosclerospora sorghi,Prevalent in warm and humid regions.,,FALSE,,CIMMYT Maize Diseases Guide p. 8,,
TS,Tar Spot,fungal_disease,"Characteristic black, raised and shiny spots are produced early. At a later stage, necrotic areas develop around the 'tar spot'. These necrotic lesions may coalesce and cause a complete burning of the foliage. Lesions start developing before tasseling time on lower leaves, moving upwards on younger leaves. Affected ears are light weight.",Phyllachora maydis,"Sometimes occurs in relatively cool, humid areas of the tropics, where Turcicum leaf blight is prevalent.",,FALSE,,CIMMYT Maize Diseases Guide p. 12,,
CR,Common Rust,fungal_disease,Characterized by elongate raised bumps (pustules) scattered or clustered together on both leaf surfaces that are red to dark brown in color. The symptoms are mainly observed in the mid and upper canopy of the crop in stage II and III of crop development. These occur most conspicuously when plants approach tasseling. Later the epidermis is ruptured and the lesions turn black and spores are released as the plant matures.,Puccinia sorghi,Disease spread is favored by humid warm conditions and in severe cases cause death of the leaves.,"Southern rust pustules are small, round, light orange, later turning black. Tropical rust pustules are small, round-to-oval, surrounded by black epidermis.",FALSE,"Grow resistant varieties, control alternate hosts (Wood sorrel / Oxalis spp.) and spray with fungicides.",CIMMYT Maize Diseases Guide p. 13; KALRO Disease Guide p. 22; KCEP-CRAL Maize Extension Manual p. 11,,
PR,Polysora Rust / Southern Rust,fungal_disease,"Pustules are small, round, light orange; later turning black. The epidermis is ruptured as the plant matures.",Puccinia polysora,Favored by humid warm conditions.,"Differs from common rust in that southern rust pustules are lighter orange, smaller, and rounder.",FALSE,Foliar application of fungicides.,"CIMMYT Maize Diseases Guide p. 13, 16",,
TR,Tropical Rust,fungal_disease,"Pustules are small, round-to-oval, surrounded by black epidermis.",Physopella zeae,Prevalent in warm and humid tropical regions.,Differs from common and southern rust in that the pustules are surrounded by a distinct black epidermis.,FALSE,,"CIMMYT Maize Diseases Guide p. 13, 17",,
ZLS,Zonate Leaf Spot,fungal_disease,"Large, concentric, necrotic rings on the leaves.",Gloeocercospora sorghi,"Favored by cool, humid conditions.",,FALSE,,CIMMYT Maize Diseases Guide p. 17,,
LLS,Leptosphaeria Leaf Spot,fungal_disease,"Small, necrotic lesions coalescing into concentric necrotic spots.",Leptosphaeria maydis,"Prevalent in humid, warm tropical environments.",,FALSE,,CIMMYT Maize Diseases Guide p. 18,,
PLS,Phaeosphaeria Leaf Spot,fungal_disease,"Small, round-to-oval spots, pale green, later becoming bleached, then necrotic with a dark brown margin.",Phaeosphaeria maydis,"Prevalent in humid, cool regions.",Other species of Leptosphaerta which produce different symptoms on maize leaves are also known in other regions of the world.,FALSE,,CIMMYT Maize Diseases Guide p. 21,,
GLS,Gray Leaf Spot (GLS),fungal_disease,"Lesions begin as small, regular, elongated brown-gray necrotic spots growing parallel to the veins. Mature lesions are oval in shape and occasionally, lesions may reach 5cm long and 0.3 cm wide. The lesions start from the lower leaves and increase in number usually after 'silking' in stage III of plant development. They are always light and develop into gray lesions which may grow together and kill entire leaves.",Cercospora zeae-maydis / Cercospora sorghi var. maydis,"Develops in highly humid warm, overcast days. Minimum tillage practices have been associated with an increased incidence of GLS.","Cigar-shaped lesions are characteristic of Northern Corn Leaf Blight, whereas Gray Leaf Spot lesions are strictly restricted parallel to the leaf veins.",FALSE,"Plough under diseased debris to reduce amount of inoculum, plant resistant/tolerant varieties, practice crop rotation for at least 2 years with non-host crops like potato, beans or pea, use recommended rates of fertilizers and spray with fungicides.",CIMMYT Maize Diseases Guide p. 22; KALRO Disease Guide p. 21; KCEP-CRAL Maize Extension Manual p. 11,,
CLS,Curvularia Leaf Spot,fungal_disease,"Lesions, with brown centers, about 2 mm in diameter. Spots are small and necrotic, with light colored haloes.",Curvularia clavata / Curvularia maculans / Curvularia pallescens / Curvularia senegalensis / Curvularia tuberculata / Curvularia lunata,"Prevalent in warm, humid tropical environments.",Easily confused with eyespot of maize or physiological/genetical spots.,FALSE,,CIMMYT Maize Diseases Guide p. 25,,
CarbLS,Carbonum Leaf Spot,fungal_disease,"Lesions are oval, zonate, and brownish, or brown slender and elongated. Can cause rotten and blackened ears.",Helminthosporium carbonum,"Prevalent in humid, warm conditions.",,FALSE,,CIMMYT Maize Diseases Guide p. 26,,
MLB,Maydis Leaf Blight / Southern Corn Leaf Blight,fungal_disease,"Lesions are small, elongating along secondary veins, and often coalescing. Lesions are oval and larger than 2.3 cm on husks and leaf sheaths in specific strains.",Helminthosporium maydis,"Humid, warm weather favors disease development.","Southern leaf blight spots are restricted by leaf veins at first, up to 25 mm long, whereas Northern leaf blight spots are cigar-shaped and larger.",FALSE,"Use disease-free seed or treated seed, destroy crop residues and volunteer plants, practice crop rotation, and use tolerant/resistant varieties.",CIMMYT Maize Diseases Guide p. 29; KCEP-CRAL Maize Extension Manual p. 11,,
NLB,Turcicum Leaf Blight / Northern Corn Leaf Blight (NLB),fungal_disease,"Early symptoms include chlorotic 'halo' that develop into necrotic lesions. These grow into mature cigar-shaped lesions that are 2 cm wide and about 15 cm long. Immature lesions have gray green margins and as they mature turn brown with dark parts of fungal sporulation. The symptoms appear first on lower leaves and increase in size and number as the plant develops, until foliage is completely 'burned'.",Helminthosporium turcicum / Exserohilum turcicum / Exhelosporium turcicum,"Favored by cool, wet weather and is aggravated by previous diseased leaf tissue left on the soil surface.","Turcicum leaf blight lesions are large and cigar-shaped, distinguishing them from the rectangular lesions of Gray Leaf Spot and the smaller spots of Southern Leaf Blight.",FALSE,"Ploughing in or removal of the diseased leaf materials from the soil surface, planting resistant/tolerant varieties, crop rotation, and spraying with fungicides before the disease becomes severe.",CIMMYT Maize Diseases Guide p. 30; KALRO Disease Guide p. 20; KCEP-CRAL Maize Extension Manual p. 11,"The purpose of this section is to help with recognition of the common diseases of maize in Kenya caused by infectious pathogens such as fungi, bacteria, viruses and nematodes.",
DMLS,Diplodia macrospora Leaf Stripe,fungal_disease,"Lesions are necrotic, elongated, with narrow yellow margins, along the leaf veins.",Diplodia macrospora,"Prevalent in warm, humid conditions.",,FALSE,,CIMMYT Maize Diseases Guide p. 33,,
LA,Leaf Anthracnose,fungal_disease,Lesions coalesce and produce severe blotching and necrosis of leaf tissue. Stalks of young plants may also be infected.,Colletotrichum graminicola,"Favored by warm, wet environments.",,FALSE,,CIMMYT Maize Diseases Guide p. 34,,
SLB,Septoria Leaf Blotch,fungal_disease,"Symptoms first appear as small, light green to yellow spots on the leaves. Lesions coalesce and produce severe blotching and necrosis of affected areas where many black pycnidia grow.",Septoria maydis,"The spotting mainly affects maize grown in rather cool, humid environments.",,FALSE,,CIMMYT Maize Diseases Guide p. 37,,
EM,Eyespot of Maize,fungal_disease,"Recognized by small (1 to 4 mm), round, translucent lesions. Tan colored centers develop, surrounded by black-to-purple rings, with a yellow halo around them, thus producing the characteristic 'eyespot'.",Kabatiella zeae,"Favored by cool, moist environments.","These symptoms are easily confused with physiological or genetical spots, which are non-infectious but widely observed in maize leaves.",FALSE,,CIMMYT Maize Diseases Guide p. 38,,
PhylLS,Phyllosticta Leaf Spot / Yellow Leaf Blight,fungal_disease,"Young diseased plants show symptoms similar to those observed in nitrogen deficient plants. In mature plants, lesions are narrow, necrotic, and parallel to the veins (although not limited by them). In older leaves, lesions develop further and produce a characteristic blighting near the tip.",Phyllosticta maydis,"Humid, warm weather favors disease development.",Young plant symptoms look similar to nitrogen deficiency.,FALSE,,CIMMYT Maize Diseases Guide p. 41,,
BLSS,Banded Leaf and Sheath Spot,fungal_disease,Concentric spots on leaves and sheaths; filamentous masses develop on lesions. Rotten ears; light brown cottony mold: filamentous masses on kernels and cob.,Rhizoctonia solani,"Prevalent in warm, humid conditions.",,FALSE,,CIMMYT Maize Diseases Guide p. 42,,
PSR,Pythium Stalk Rot,fungal_disease,"Twisting and collapsing of the stalk. Affected internodes show a dark, water-soaked, soft rot. Stalks of young plants collapse.",Pythium aphanidermatum,"Favored by hot, wet weather.",,FALSE,,CIMMYT Maize Diseases Guide p. 45; KALRO Disease Guide p. 26,Pl ease note that this disease has not yet been reported in Kenya and is therefore of quarantine importance.,
HS,Head Smut,fungal_disease,"The infection is systemic: the fungus penetrates the seedlings and grows inside the plant without showing symptoms, until the tasseling and silking in stage II and III of crop development. The most conspicuous symptoms are: abnormal development of the tassels, which become malformed and overgrown; black masses of spores that develop inside individual male florets; and masses of black spores replacing the normal ear, leaving the vascular bundles exposed and shredded looking like fibers. Plants may be severely stunted.",Sphacelotheca reiliana,"Can cause significant economic damage in dry, hot maize growing areas, and in mid hill zones and under warm temperate conditions.",It is different from common smut for lack of the vascular bundles that appear as fiber in smut-infected ears.,FALSE,"Plant resistant varieties, plant early when temperatures are unfavorable for spore germination, treat seeds with systemic fungicides, maintain balanced soil fertility, remove and burn smutted tassels and ears as they emerge, and practice crop rotation.",CIMMYT Maize Diseases Guide p. 46; KALRO Disease Guide p. 23; KCEP-CRAL Maize Extension Manual p. 12,,
BBD,Black Bundle Disease,fungal_disease,"Brown interior of the stem, starting in the roots; wilting of the plant at flowering. Stunting; chlorosis; death around flowering time. Nubbins, or ears with underdeveloped, shrunken kernels.",Cephalosporium acremonium,Systemic infection starting early and showing symptoms at flowering.,,FALSE,Practice crop rotation and use healthy seeds.,CIMMYT Maize Diseases Guide p. 49; KALRO Disease Guide p. 8,f) Resource mobilization The technical team held several consultative forums to share information and develop a research proposal for sustainab le management of MLND in Kenya.,
LW,Late Wilt,fungal_disease,Rapid wilting of leaves and stalks at or near flowering. Stem interior shows a brown discoloration.,Cephalosporium maydis,Favored by warm temperatures.,,FALSE,,CIMMYT Maize Diseases Guide p. 49,,
CSR,Charcoal Stalk Rot,fungal_disease,"Black discoloration of stem; shredding of interior; bundles of black material. Split stalks show vascular bundles covered with black, pin-head-like sclerotia.",Macrophomina phaseolina,Favored by dry weather and high temperatures.,"Unlike charcoal rot, Botryodiplodia stalk rot does not produce black pin-head-like sclerotia in the rotten areas, but it does produce abundant gray-blackish cottony mycelium.",FALSE,,CIMMYT Maize Diseases Guide p. 50,,
FHS,False Head Smut,fungal_disease,Only a few isolated male florets in the tassel show dark-green masses of spores (sori). Does not produce tassel malformation or ear infection.,Ustilaginoidea virens,"Occurs very rarely in hot, dry or humid areas.",Differs from True Head Smut in that it does not cause tassel malformation or ear infection. Differs from Common Smut in that no galls are produced.,FALSE,,"CIMMYT Maize Diseases Guide p. 53, 56",,
BSR,Botryodiplodia Stalk Rot / Black Kernel Rot,fungal_disease,"Diseased plants dry prematurely. Split-open stalks show some shredding of the pith and a dark gray to black discoloration of the vascular bundles. Abundant grayish mycelia are conspicuous in the rotten areas, confined mostly to the lower internodes above ground. Produces abundant gray-blackish cottony mycelium in cavities formed in the pith of affected internodes.",Botryodiplodia theobromae,"Develops in hot, humid environments.","Unlike charcoal rot, Botryodiplodia stalk rot does not produce black pin-head-like sclerotia in the rotten areas.",FALSE,,"CIMMYT Maize Diseases Guide p. 54, 57",,
DSR,Diplodia Stalk Rot,fungal_disease,"Broken stalks; brownish pith; later, abundant-fruiting bodies. Rotting starts at the base.",Diplodia maydis / Stenocarpella maydis,Favored by wet weather after flowering.,,FALSE,,CIMMYT Maize Diseases Guide p. 63,,
FSR,Fusarium Stalk Rot / Kernel Rot,fungal_disease,Damage occurs mainly on individual kernels or on limited areas of the ear. Infected kernels develop a cottony growth or may develop white streaks on the pericarp and germinate on the cob. Scattered individual or groups of kernels show whitish-pink to lavender fungal growth. Infected kernels may also have a 'starburst' pattern of white streaks on the cap of the kernel or along the base.,Fusarium moniliforme,"Infections are more frequent on damaged ear tips, and are favored by dry weather. Mechanical damage by thrips to developing kernels provides entry.","In contrast to Gibberella zeae which covers the ear starting from the tip with reddish mycelium, Fusarium moniliforme damage occurs mainly on individual kernels.",FALSE,Avoid injuring the plants. Spray with fungicides.,CIMMYT Maize Diseases Guide p. 64; KALRO Disease Guide p. 25,,
GSR,Gibberella Stalk Rot / Ear Rot,fungal_disease,"Gibberella zeae produces reddish kernel discoloration, usually beginning at the ear tip. Ear infection begins as white mycelium moving down from the tip, which later turns reddish-pink, in infected kernels. Husks may rot and be cemented to the ear.",Gibberella zeae,"Most common in cool and humid weather, particularly 2 to 3 weeks after silking.","Gibberella ear rot causes a distinct reddish-pink discoloration moving down from the tip, whereas Aspergillus causes black or green-yellow powdery masses.",FALSE,,"CIMMYT Maize Diseases Guide p. 64, 68; KALRO Disease Guide p. 25",,
CER,Charcoal Ear Rot,fungal_disease,Inner parts of the ear show black discoloration. Pith is shredded and black.,Macrophomina phaseolina,"Favored by hot, dry conditions.",,FALSE,,CIMMYT Maize Diseases Guide p. 71,,
HT,Horse's Tooth / Ergot of Maize,fungal_disease,"Slimy, soft, pale, masses develop on kernels; these harden toward harvest and turn dark.",Claviceps gigantea,"Favored by cool, humid climates.",,FALSE,,CIMMYT Maize Diseases Guide p. 72,,
PER,Penicillium Ear Rot,fungal_disease,Blue-green powdery mold on the cob and kernels; kernels appear streaked and bleached.,Penicillium oxalicum,Favored by ear injury.,,FALSE,,CIMMYT Maize Diseases Guide p. 75,,
AER,Aspergillus Ear and Kernel Rot,fungal_disease,"Produces black, powdery masses of spores that cover both kernels and cob (for Aspergillus niger). Greenish or yellowish-tan discoloration occurs on and between kernels, especially near the ear tip. Symptoms are more prevalent if the husk does not cover the ear tip in stage II of crop development.",Aspergillus flavus / Aspergillus niger,"The rot is favored by hot, dry weather. May be a serious problem when infected ears are stored at high moisture content.","Aspergillus produces green, yellow, or black powdery spores, unlike the white mold of Diplodia or the reddish-pink growth of Gibberella.",FALSE,Dry maize grain quickly after harvest to moisture levels of between 12 and 15% and ensure good ventilation. Avoid ear damage by birds or insects.,CIMMYT Maize Diseases Guide p. 76; KALRO Disease Guide p. 24,,
GER,Gray Ear Rot,fungal_disease,"Lightweight, chaffy ears; loose, discolored kernels; black specks on kernels and cob. Germination of seed on cob can occur.",Physalospora zeae,"Favored by warm, wet weather.",,FALSE,,CIMMYT Maize Diseases Guide p. 79,,
CS,Common Smut,fungal_disease,"Characterized by galls that replace individual kernels and are covered with white membranes. In time the galls break open releasing black masses of spores that will infect maize in the following season. On the leaves the disease appears as white blisters that turn dark with age. The blisters tend to harden and dry without rupturing. The disease is most severe in young plants and can stunt or kill them. Attacks all parts of the plant: leaves, stalks, tassels and ears.",Ustilago maydis,Occurs mainly in the humid and temperate areas as opposed to hot humid tropical areas. The pathogen survives in soils as teliospores in a wide range of temperatures (16-35oC). Entry is gained through wounds or thin walled cells of actively growing maize.,It is different from head smut for lack of the vascular bundles that appear as fiber in smut-infected ears.,FALSE,"Burn affected plants completely, plant resistant varieties, spray with fungicides, and avoid injuring the plants.",CIMMYT Maize Diseases Guide p. 80; KALRO Disease Guide p. 22; KCEP-CRAL Maize Extension Manual p. 12,,
NER,Nigrospora Ear Rot,fungal_disease,"Lightweight, chaffy ears; loose, discolored kernels; black specks on kernels and cob.",Nigrospora oryzae,"Favored by cool, wet conditions.",,FALSE,,CIMMYT Maize Diseases Guide p. 83,,
CladER,Cladosporium Ear Rot,fungal_disease,"Brown-green streaks on kernels, starting at the cob base.",Cladosporium herbarum,Favored by wet weather and crop lodging.,,FALSE,,CIMMYT Maize Diseases Guide p. 84,,
DER,Diplodia Ear Rot,fungal_disease,"Symptoms include bleached husks, white mold over kernels, and rotted ears with tightly adhering husks. Early infection (2 to 4 weeks after silking) is likely to lead to complete ear rotting. Later infections may result in partial rotting, usually beginning at the base.",Diplodia maydis / Stenocarpella maydis,Most severe when maize is planted following corn in reduced tillage situations. Most ear rots are favored by late-season humidity and ear damage.,"Characterized by white mycelial growth that tightly glues husks to the ear, which distinguishes it from the pinkish/reddish Gibberella ear rot.",FALSE,"Crop rotation, deep tillage, and avoid planting maize immediately following maize in fields with a history of the disease.",CIMMYT Maize Diseases Guide p. 87; KALRO Disease Guide p. 24,,
BacSR,Bacterial Stalk Rot,bacterial_disease,"Affected plants show a rapid wilting, followed by collapse and lodging of the stalk. Internodes show a dark, water-soaked, soft, slimy rot that has a foul odor.",Erwinia carotovora / Pseudomonas lapsa,Favored by high temperatures and abundant rainfall or overhead irrigation.,"Bacterial stalk rot is distinguished by its slimy, soft rot with a characteristic foul odor.",FALSE,"Avoid overhead irrigation, improve soil drainage, and spray with recommended bactericides.",CIMMYT Maize Diseases Guide p. 88; KALRO Disease Guide p. 26,Pl ease note that this disease has not yet been reported in Kenya and is therefore of quarantine importance.,
SW,Stewart's Wilt,bacterial_disease,"With early infection, lesions are first water-soaked, turning long and pale yellow with irregular margins running the length of the leaves. Infection may move into the stem, causing a general stunting, wilting, and plant death. Severely infected plants that set seed develop small nubbins with few kernels. Late infection can cause severe leaf necrosis but does not lead to wilting.",Erwinia stewartii,Transmitted by maize flea beetles (Chaetocnema pulicaria) and also at very low frequency through infected seed. Feeding wounds from the insect vector serve as points of entry.,"Stewart's wilt causes long, water-soaked, pale yellow leaf lesions, unlike the rectangular lesions of gray leaf spot.",FALSE,"Quarantine measures (not yet reported in Kenya), control the flea beetle vector, plant resistant varieties.",CIMMYT Maize Diseases Guide p. 91; KALRO Disease Guide p. 26,Not yet reported in Kenya (quarantine importance).,
BLStripe,Bacterial Leaf Stripe,bacterial_disease,"Lesions are pale green along the veins, later becoming bleached and necrotic.",Pseudomonas andropogoni,"Favored by warm, wet conditions.",,FALSE,,CIMMYT Maize Diseases Guide p. 92,,
HSpot,Holcus Spot,bacterial_disease,"Lesions start as water-soaked spots, later turning round, light-colored or white with reddish margins.",Pseudomonas syringae pv. syringae,"Favored by cool, wet weather.",,FALSE,,KALRO Disease Guide p. 26,Pl ease note that this disease has not yet been reported in Kenya and is therefore of quarantine importance.,
MBSD,Maize Bushy Stunt Disease (MBSD),viral_disease,"Bushy plant; many tillers, chlorotic and reddish; severe stunting.",Spiroplasma kunkelii,Transmitted by leafhopper vectors.,"Maize bushy stunt causes excessive tillering and a bushy appearance, which is more pronounced than the symptoms of corn stunt.",FALSE,"Control leafhopper vectors, plant early, and use resistant varieties.",CIMMYT Maize Diseases Guide p. 95,,
MCDV,Maize Chlorotic Dwarf Virus (MCDV),viral_disease,Stunting; chlorosis; shortened internodes; leaves appear crowded.,Maize chlorotic dwarf virus,Transmitted by leafhopper vectors.,,FALSE,Control vectors.,CIMMYT Maize Diseases Guide p. 96,,
MCMV,Maize Chlorotic Mottle Virus (MCMV),viral_disease,Stunting; chlorosis; shortened internodes; green patches. Underdeveloped ears and poor grain filling. Usually associated with mosaic pattern and chlorotic streaks on leaves.,Maize chlorotic mottle virus,"Transmitted by rootworm beetles, thrips, aphids and leafhoppers. Also has low levels of seed transmission. The virus is geographically restricted and is associated with soil.",Co-infection of MCMV with potyviruses (SCMV or MDMV) leads to the devastating Maize Lethal Necrosis Disease (MLND).,FALSE,"Control vectors, plant early, use certified seeds, crop rotation.","CIMMYT Maize Diseases Guide p. 99; KALRO Disease Guide p. 8, 14","Reported in Bomet, Narok, Naivasha, Nakuru counties.",
MDMV,Maize Dwarf Mosaic Virus (MDMV),viral_disease,"Infected plants develop a distinct mosaic — irregularities in the distribution of normal green color —on the youngest leaf bases. Sometimes the mosaic appearance is enhanced by narrow chlorotic streaks extending parallel to the veins. Later on, the youngest leaves show a general chlorosis, and streaks are larger and more abundant. As plants approach maturity, the foliage can turn purple or purple-red. Depending on time of infection, there may be severe stunting of the plant. Plants infected early may produce nubbins or be totally barren.",Maize dwarf mosaic virus,"Transmitted by several genera and species of aphids, including Rhopalosiphum maidis, and also by seed at low rates. Can infect other grass and cereal hosts like sorghum, Johnson grass, and sugarcane.","mosaic patterns and chlorotic streaks distinguish it from Maize Streak Virus, which has sharp, broken yellow lines.",FALSE,"Control aphid vectors, plant early, use resistant varieties, eradicate alternate grass hosts.","CIMMYT Maize Diseases Guide p. 100; KALRO Disease Guide p. 7, 28","b) History of MLND in Kenya In K enya the first occurrence of unfamiliar maize disease was first reported in September 2011 in the low altitude zones of Bomet County (Longisa Division, 1900.",
MLN,Maize Lethal Necrosis Disease (MLND),viral_disease,"Infected plants show a diverse range of symptoms. These include chlorotic mottle on the leaves, usually starting from the base of the young leaves in the whorl and extending upwards toward the leaf tips, mild to severe leaf mottling, dwarfing and premature aging. Necrosis of the young leaves in the whorl before expansion leading to a 'dead heart'. Lesions sometimes associated with unfurled leaves appear on the stem. Tassels with no pollen and finally there is poor grain filing.",Maize chlorotic mottle virus + SCMV/MDMV/WSMV,"Involves synergism between two viruses: MCMV and any of several potyviruses (SCMV, MDMV, WSMV). Transmitted by rootworm beetles, thrips, aphids and leafhoppers. Alternate hosts include a wide range of plants in the grass family (73 species). Low levels of seed transmission.","MLN is characterized by rapid and complete drying of the plant (necrosis), leading to a 'dead heart', which is much more severe than the mosaic symptoms of MDMV or MCMV alone.",FALSE,"Integrated pest and disease management: plant early, use certified treated seeds with insecticide, avoid recycled seeds, crop rotation with non-cereal crops (beans, cowpeas, peas), crop diversification, closed seasons (quarantine on movement of materials), control insect vectors (thrips, aphids) using recommended chemical or biological agents.","CIMMYT Maize Diseases Guide p. 103; KALRO Disease Guide p. 10, 14, 15, 16; KCEP-CRAL Maize Extension Manual p. 12","First reported in September 2011 in low altitude zones of Bomet County (Longisa Division). Spread to Narok South, Narok North, Naivasha, Nakuru, Nandi, Bungoma, Kakamega sub-counties. Present in all maize growing regions except North Eastern.",
MMV,Maize Mosaic Virus I (MMV),viral_disease,"Chlorotic striping; leaves appear crowded and erect; leaves rough, fleshy, dark purple.",Maize mosaic virus,Transmitted by planthopper vectors.,,FALSE,Control vectors.,CIMMYT Maize Diseases Guide p. 104,,
MStpV,Maize Stripe Virus (MStpV),viral_disease,"Yellow and broad striping, turning purple toward leaf tips.",Maize stripe virus,Transmitted by planthopper vectors.,,FALSE,Control vectors.,CIMMYT Maize Diseases Guide p. 107,,
MRFV,Maize Fine Stripe Virus (MRFV),viral_disease,"Spots, small and whitish, coalescing into a line. Fine chlorotic spots parallel to the veins.",Maize rayado fino virus,Transmitted by leafhopper vectors.,,FALSE,Control vectors.,CIMMYT Maize Diseases Guide p. 108,,
CSV,Corn Streak Virus (CSV),viral_disease,"Early disease symptoms begin within a week after infection and consist of very small, round, scattered spots in the youngest leaves. The number of spots increases with plant growth; they enlarge parallel to the leaf veins. Soon spots become more profuse at leaf bases. Fully elongated leaves develop a chlorosis with broken yellow streaks along the veins, contrasting with the dark green color of normal foliage. Severe infection causes stunting, and plants can die prematurely or are barren.",Maize streak virus,Transmitted by Cicadulina spp. leafhoppers (primarily Cicadulina mbila). Alternate hosts include many cereal crops and wild grasses. Early planting reduces risk of virus transmission.,"MSV causes narrow, well-defined, broken yellow streaks parallel to leaf veins, unlike the diffuse mosaic patterns of MDMV.",FALSE,"Plant early in the season, use recommended MSV resistant varieties, eradicate grass weeds, control leafhopper vectors, keep fields free from grass weeds, remove residues of cereal crops, and catch vectors with sticky green traps.",CIMMYT Maize Diseases Guide p. 111; KALRO Disease Guide p. 27; KCEP-CRAL Maize Extension Manual p. 12,Reported first from East Africa.,
CSD,Corn Stunt Disease (CSD),viral_disease,"Stunting, shortened internodes; axillary bud development; excessive root branching; chloritic streaks at bases of leaves. Leaves appear crowded and erect.",Spiroplasma / Phytoplasma,Transmitted by leafhopper vectors.,"CSD causes excessive root branching and axillary bud development, distinguishing it from general virus chlorosis.",FALSE,"Control vectors, plant early, plant resistant varieties.",CIMMYT Maize Diseases Guide p. 112; KALRO Disease Guide p. 26,Pl ease note that this disease has not yet been reported in Kenya and is therefore of quarantine importance.,
BYDV,Barley Yellow Dwarf Virus (BYDV),viral_disease,Yellowing and stunting of the foliage. Can cause leaf mottling.,Barley yellow dwarf virus,Transmitted by the maize aphid (Rhopalosiphum maidis).,,FALSE,Control aphid vectors.,KALRO Disease Guide p. 32,,
WSMV,Wheat Streak Mosaic Virus (WSMV),viral_disease,Chlorotic streaks and mosaic patterns on the leaves.,Wheat streak mosaic virus,Transmitted by mites. Associated as a potyvirus component in the MLN complex.,,FALSE,Control vectors and volunteer wheat crops.,CIMMYT Maize Diseases Guide p. 102; KALRO Disease Guide p. 7,"b) History of MLND in Kenya In K enya the first occurrence of unfamiliar maize disease was first reported in September 2011 in the low altitude zones of Bomet County (Longisa Division, 1900.",
SCMV,Sugarcane Mosaic Virus (SCMV),viral_disease,Infected plants develop a mosaic pattern and chlorotic streaks on leaves.,Sugarcane mosaic virus,Transmitted by aphids. Serves as a major potyvirus partner in the MLND complex in Kenya.,,FALSE,Control aphid vectors.,"KALRO Disease Guide p. 7, 8, 28",Seriously affects maize production in China.,
HPV,High Plains Virus,viral_disease,"Chlorotic spots and mosaic streaks on leaves, followed by necrosis.",High plains virus,Transmitted by wheat curl mites.,,FALSE,,KALRO Disease Guide p. 26,Pl ease note that this disease has not yet been reported in Kenya and is therefore of quarantine importance.,
FAW,Fall Armyworm (FAW),insect_pest,"First-instar larvae produce clusters of pinhole-type damage or small, round 'window panes' (transparent patches) on soft leaf tissues. Larger larvae make ragged, irregular elongated holes on leaves. Whorls show heavy feeding damage, with large amounts of moist, sawdust-like excreta (frass). Larvae can cut seedlings at base (similar to cutworms) and burrow into the whorl, growing point, and maize cobs, destroying seeds.",Spodoptera frugiperda,"Moths are active at night during warm, humid evenings. Larvae develop between 11°C and 30°C. Rainfall can wash off young larvae, reducing populations.","Larvae feel rough due to tiny spines on body. Head has a distinct, pale, upside-down Y-shaped mark (which cotton bollworm may also have but head is usually paler). Body has four raised spots in a square/trapezium on the eighth segment. Whorl damage is larger and leaves more frass than stem borers.",FALSE,"Monitoring and scouting (action threshold: 20% infestation in early whorl, 40% in late whorl). Hand-picking of caterpillars/eggs. Intercropping with legumes (beans, pigeon peas) or push-pull technology (intercrop with Desmodium and plant Napier grass as trap crop). Biological control with predators (ladybirds, hover flies) and parasites. Sprays of approved insecticides (e.g. Coragen 20SC, Prove 1.92EC, Match 50EC, Voliam Targo 063SC). Spray early morning/late evening, targeting top leaves and whorl.","FAO/CABI FAW Pocket Guide p. 4, 5, 8, 25; FAO FAW Manual p. 5, 6, 9",Kenya-wide.,
SB,Maize Stem Borer / African Stalk Borer,insect_pest,"Caterpillars feed on young plants causing 'dead hearts' (wilting and drying of the central leaf). They later burrow into stems, making tunnels that disrupt water and nutrient flow, leading to stunting, broken stalks, or lodging.",Busseola fusca,Aggravated by continuous maize cropping and crop residues on soil surface.,"FAW larvae feed primarily on leaves in whorl leaving massive frass before cob tunneling, whereas stem borers quickly tunnel into the stem. Stem borer caterpillars do not have the prominent Y-mark or rough skin spines of FAW.",FALSE,"Intercrop with non-host crops or green leaf desmodium. Plant trap crops (e.g., Napier grass) around the plot. Use biological control (predators and parasites). Apply recommended insecticides in whorl.","KALRO Disease Guide p. 9, 30; FAO/CABI FAW Pocket Guide p. 7; KCEP-CRAL Maize Extension Manual p. 10","Western Region (Bungoma, Kakamega, Nandi, Trans Nzoia, Nakuru).",
SSB,Spotted Stem Borer,insect_pest,"Larvae feed on leaves causing pinhole damage and then tunnel into the stem, leading to dead hearts or stem breakage.",Chilo partellus,"Prevalent in warm, moist mid-altitude zones.","Chilo partellus larvae are spotted, distinguishing them from the plain grey/pink larvae of Busseola fusca.",FALSE,"Intercrop with legumes or non-host crops, clean tillage, and use approved chemical insecticides.",FAO/CABI FAW Pocket Guide p. 7,,
LH,Maize Leafhoppers,insect_pest,"Slender, pale green to yellow hoppers with two small black spots between the eyes that hop away when disturbed. Feed on plant sap, causing chlorosis and transmitting Maize Streak Virus.",Cicadulina mbila,Favored by dry weather and proximity to grasslands or previously irrigated grass crops.,"Hopper feeding causes minor direct damage, but they are primary vectors of Corn Streak Virus.",FALSE,"Plant early in the season, keep fields free from grass weeds, remove residues of cereal crops, and catch them with sticky green/yellow traps.",KALRO Disease Guide p. 27; KCEP-CRAL Maize Extension Manual p. 10,,
MA,Maize Aphid,insect_pest,"Small, soft-bodied blue-green insects colonizing the tassels and upper leaves. Feeding removes moisture and nutrients. Secretes sticky honeydew that covers leaves and tassels, leading to growth of sooty black mold. Leaves show yellow mottling, stunted growth, and dieback.",Rhopalosiphum maidis,Prevalent during dry periods. Soft-bodied insects multiply rapidly under warm conditions.,"Colonies are found clustered inside the central leaf whorl or on tassels, producing honeydew.",FALSE,"Use mixed cropping, plant trap crops, encourage natural predators like ladybirds and hover flies, and spray with recommended insecticides in severe infestations.",KALRO Disease Guide p. 31; KCEP-CRAL Maize Extension Manual p. 10,,
CB,Cotton Bollworm / African Bollworm,insect_pest,"Larvae feed on leaves, buds, growing points, flowers, and kernels. Reduces leaf area and slows plant growth; main damage is caused by feeding on flowers and kernels inside the cob.",Helicoverpa armigera,Polyphagous pest that damages many crops. High populations are favored by warm weather.,"Bollworm caterpillars feel rough due to tiny spines, but their head is usually paler than FAW, and the Y-shaped mark is same color as head.",FALSE,"Intercrop maize with other crops, and spray with approved insecticides during heavy infestations.",KALRO Disease Guide p. 30; FAO/CABI FAW Pocket Guide p. 6; KCEP-CRAL Maize Extension Manual p. 10,"OTHER MAIZE PESTS & DISEASES Topic Six: Factors affecting maize production in Kenya, Learning Objective: To gain knowl edge on other abiotic factors that contributes to MLND expression in maize field, Procedure: Lecture, slide shows Duration: 1 hr a) Field Pests Insect pests severely limit the production of maize, one of the most important cereal crops worldwide.",
CW,Cutworms,insect_pest,"Soil-dwelling caterpillars that attack young seedlings. They cut off the plant stem at or just below ground level, causing the seedling to collapse and dry up.",Agrotis spp.,Common in soils with high organic residue or after weedy fallows.,"Cutworms cut plants cleanly at ground level and hide in the soil, unlike FAW which feeds primarily in the leaf whorl (though FAW can sometimes cut seedlings).",FALSE,"Seed dressing with approved chemicals, and spreading baits on the ground around seedlings.",KALRO Disease Guide p. 9; FAO FAW Manual p. 24; KCEP-CRAL Maize Extension Manual p. 11,9 g) Constraints in Maize farming in Kenya Maize is a very i mportant food security crop as well as cash crop for majority of farmers.,
WG,White Grubs / Chaffer Grubs / Larvae of Scarab Beetles,insect_pest,"Larvae are white, slightly longer than an inch when fully grown, and curl into a 'C' shape. They eat plant roots, causing severe wilting where center leaves of young plants die. Can cause stunting or plant death.",Scarabaeidae,Grubs have a 3-year life cycle. They can acquire MCMV from plant debris on soil surfaces and transmit it to young maize plants.,Root feeding and C-shaped grub body distinguish this soil pest from foliar caterpillars.,FALSE,"Tillage to expose grubs to birds, and application of approved soil insecticides.",KALRO Disease Guide p. 30,"OTHER MAIZE PESTS & DISEASES Topic Six: Factors affecting maize production in Kenya, Learning Objective: To gain knowl edge on other abiotic factors that contributes to MLND expression in maize field, Procedure: Lecture, slide shows Duration: 1 hr a) Field Pests Insect pests severely limit the production of maize, one of the most important cereal crops worldwide.",
TH,Maize Thrips,insect_pest,"Minute, elongate, yellow-orange insects that feed deep in whorls, leaf sheaths, and lower leaf surfaces. Rasp leaf tissue and suck sap, creating a silvery cast on leaves and ear husks. Leaves distort, turn brown around edges, and cup upwards.",Frankliniella williamsi,Feeding is only an economic problem on young seedlings (less than one foot tall) and at ear formation. Mechanical damage at ear formation provides entry for Fusarium ear rot.,Minute size and silvery cast on leaves distinguish thrips from aphids or mites.,FALSE,"Spraying with approved insecticides, and maintaining plant vigor. Thrips are vectors that transmit MCMV.",KALRO Disease Guide p. 31,,
SAW,Southern Armyworm,insect_pest,"Caterpillars feed on foliage and cobs, causing defoliation.",Spodoptera eridania,Warm and humid climates.,Illustrated in pocket guide to distinguish from FAW (marked with ✘ as a lookalike).,FALSE,"Hand picking, application of chemical sprays if populations are high.",FAO/CABI FAW Pocket Guide p. 6,,
BAW,Beet Armyworm,insect_pest,"Larvae feed on leaves, creating small holes or skeletonizing them.",Spodoptera exigua,Favored by warm weather.,"Beet armyworm larvae are smaller and green/black, lacking the prominent head Y-mark of FAW.",FALSE,"Chemical sprays, promoting natural enemies.",FAO/CABI FAW Pocket Guide p. 6,,
AAW,African Armyworm,insect_pest,"Larvae appear in massive numbers (outbreaks) and rapidly defoliate whole fields, eating leaves down to the midrib.",Spodoptera exempta,Outbreaks often follow dry spells followed by heavy rains.,"African armyworm has a distinct black body with yellow stripes, and attacks in massive migrating populations (marching), whereas FAW is more solitary in whorls.",FALSE,"Monitoring outbreaks, spraying with recommended chemical insecticides.",FAO/CABI FAW Pocket Guide p. 7,,
ACW,African Cotton Leafworm,insect_pest,Caterpillars feed on leaves and young shoots.,Spodoptera littoralis,"Warm, humid environments.",Illustrated as a lookalike to FAW (marked with ✘ in pocket guide).,FALSE,Approved chemical sprays.,FAO/CABI FAW Pocket Guide p. 7,,
LGB,Larger Grain Borer (LGB),insect_pest,"A beetle-like insect that attacks maize on the cob, both before and after harvest. Adults bore into maize husks and cobs, producing large quantities of grain dust as they tunnel, hollow out kernels, and reduce them to dust.",Prostephanus truncatus,"Favored by poor storage conditions, high grain moisture, and late harvesting.","Bores through husks and cobs producing massive amounts of wood/grain dust, which distinguishes it from the smaller maize weevils.",FALSE,"Early harvesting, drying below 13% moisture content, storage in cleaned and dusted stores/bags, use of hermetic bags (Agro-Z bags), metallic silos, or chemical treatment with Super Actellic @ 50g per 90kg bag.",KCEP-CRAL Maize Extension Manual p. 14,,
MW,Maize Weevil,insect_pest,"Adults are small black beetles with a long, narrow snout. The female lays eggs inside the grain. The larva (grub) lives inside the grain, hollowing it out and leaving circular holes on the surface of the grain.",Sitophilus zeamais,Favored by warm temperatures and grains stored at high moisture levels.,"Leaves distinct circular exit holes on the grain surface, smaller than the destruction caused by Larger Grain Borer.",FALSE,"Early harvesting, drying below 13% moisture, storing in clean and dusted store and bags, hermetic bags or metallic silos, and grain treatment with Super Actellic.",KCEP-CRAL Maize Extension Manual p. 14,,
N_DEF,Nitrogen (N) Deficiency,nutrient_deficiency,"Makes the older leaves (the bottom portion of the maize plant) turn pale or yellowish-green. The deficiency then starts to create a V shape, starting at the tip of the leaf and running down the midrib. If not rectified, the deficiency works its way up the plant from older (lower) to newer leaves. The stalks tend to be thin and spindly.",,"Develops commonly in wet to saturated soils or under cool soil temperatures. N can leach out under heavy rainfall in light-textured (sandy) soils, or can be denitrified in flooded soils. Can be induced after midseason when soils tend to be dry, or in soils with large amounts of low-nitrogen-containing residues.","Nitrogen deficiency yellowing starts on older leaves and forms a V-shape down the midrib, whereas Sulfur deficiency causes a general yellowing that is more visible on newer leaves.",TRUE,"Apply nitrogenous fertilizers (like CAN top-dressing at 92kg/acre when knee-high, or urea), and add organic manure.",KALRO Disease Guide p. 33,,
P_DEF,Phosphorus (P) Deficiency,nutrient_deficiency,"Causes a distinct dark green color with reddish to purplish leaf margins, typically starting from the tip of the older leaves. Stunted growth is also typical. Symptoms normally disappear by the time the plant is waist-high.",,"Since P is fairly immobile in soil, any soil condition that limits root growth (cool temperature, wet or very dry conditions, compaction) can induce the deficiency. Acid soils fix phosphorus, making it unavailable.","Reddish-purple margins on older leaves, disappearing as the plant grows waist-high. Some hybrids show purple colors even when P is not deficient.",TRUE,"Apply basal phosphatic fertilizers (like DAP at 50kg/acre at planting), and manage soil acidity using lime or fertilizers with a liming effect (MEA Mazao, Mavuno basal).",KALRO Disease Guide p. 34,High deficiency symptoms observed in lower Eastern region of Kenya.,
K_DEF,Potassium (K) Deficiency,nutrient_deficiency,"Observed as yellowing and necrosis (death) of the edge of older leaves, starting from the tip. When the problem persists, this deficiency will continue to move up from older to newer leaves, while the top leaves may look completely green. Stalks are thin and not strong, causing lodging of the crop later in the season.",,"Soil conditions that restrict root growth can induce deficiency, especially at early stages when the root system is small. Soils with low K buffer capacity (sandy soils) can cause the deficiency.","Yellowing and necrosis are restricted to the edges (margins) of older leaves, unlike Nitrogen deficiency which yellowing is V-shaped down the midrib.",TRUE,Apply potassium-containing fertilizers (NPK) according to soil test recommendations.,KALRO Disease Guide p. 34,,
Mg_DEF,Magnesium (Mg) Deficiency,nutrient_deficiency,"Appears in lower leaves as yellow or white streaking between veins (interveinal chlorosis). The leaves eventually become reddish-purple, and the edge and tip die if the deficiency is severe.",,Acidic and sandy soils are most likely to be deficient in Mg.,"Characterized by white/yellow striping between veins on lower leaves, which eventually turn reddish-purple.",TRUE,Apply magnesium-rich fertilizers or dolomitic limestone to correct soil acidity and supply magnesium.,KALRO Disease Guide p. 36,,
S_DEF,Sulfur (S) Deficiency,nutrient_deficiency,"Causes a general yellowing of the foliage, tending to be more visible in the newer leaves.",,"Typically observed in soils with low organic matter (including sandy soils), low pH, and cold, wet conditions that reduce mineralization of S from organic matter.","Since S is not easily translocated, deficiency tends to be more visible in the newer leaves, as opposed to N deficiency which is more pronounced in older leaves.",TRUE,Apply sulfur-containing fertilizers (e.g. ammonium sulfate or gypsum). Grains will often recover once the root system reaches the S in the subsurface soil.,KALRO Disease Guide p. 36,,
Zn_DEF,Zinc (Zn) Deficiency,nutrient_deficiency,"Appears between veins as light green to white stripes or as wide bands starting at the base of the leaf and extending toward the tip of the newer leaves. The edge of the leaf as well as the midrib usually stays green. In cases of severe deficiency, new leaves are almost white.",,"Most commonly observed in soils low in organic matter, sandy soils with high pH (>7.3), and cool, wet soils.","Wide white/light green bands at the leaf base on newer leaves, with leaf edges and midrib remaining green. In severe cases, the entire leaf emerges white (white bud).",TRUE,Apply zinc sulfate or other zinc chelates as soil amendments or foliar sprays.,KALRO Disease Guide p. 36,,
Fe_DEF,Iron (Fe) Deficiency,nutrient_deficiency,"Interveinal chlorosis (yellowing between veins) on newer leaves, where veins remain green. In severe cases, leaves turn completely pale or white.",,Most common in soils containing calcium carbonate (alkaline/calcareous soils) or under high soil pH.,"Yellowing between veins on the youngest leaves, unlike Magnesium deficiency which occurs on older leaves.",TRUE,Apply foliar iron sprays or iron chelates to the soil.,KALRO Disease Guide p. 33,,
Mn_DEF,Manganese (Mn) Deficiency,nutrient_deficiency,"Interveinal chlorosis on newer leaves, similar to iron deficiency, but lesions can develop olive-green to grey specks or stripes.",,Most common in soils containing calcium carbonate (alkaline/calcareous soils) or poorly drained organic soils.,"Chlorosis is on newer leaves, often accompanied by olive-green/grey specks, distinguishing it from general nitrogen chlorosis.",TRUE,Apply manganese sulfate or manganese chelates.,KALRO Disease Guide p. 33,,
WFS,Waterlogging / Flooding Stress,physiological_disorder,"If maize stands in water for more than two days, it will wither and die off.",,"Waterlogged soils, poorly drained soils, or heavy flooding.","Causes rapid wilting and death, unlike drought which causes leaves to roll first and slowly wither.",TRUE,Avoid waterlogged soils. Ensure soils are well drained and well aerated.,KCEP-CRAL Maize Extension Manual p. 6,,
DMS,Drought / Moisture Stress,physiological_disorder,"Causes leaves to roll and plants to wilt. If drought occurs at flowering time, it will interfere with pollination and drastically lower the yields.",,"Erratic rainfall and poor distribution during the growing period, especially during the first five weeks after sowing and at flowering.",Causes leaves to roll tightly along the midrib to reduce water loss.,FALSE,Plant within the first two weeks of the onset of rains. Enhance crop water conservation.,KCEP-CRAL Maize Extension Manual p. 6,,
SAS,Soil Acidity / Acid Soil Stress,physiological_disorder,"Causes stunted growth, poor root development, and induces nutrient deficiencies (such as phosphorus and magnesium deficiencies).",,"Highly weathered soils, continuous cropping, or leaching under high rainfall. Strongly acidic soils (pH < 5.0).","Soil acidity limits phosphorus solubility, inducing typical purple leaf margin symptoms.",TRUE,"Liming is recommended for acid soils. Use fertilizers with a liming effect like MEA Mazao (100 kg/acre), Mavuno basal (100 kg/acre), and Mavuno for topdressing (75 kg/acre).",KALRO Disease Guide p. 33; KCEP-CRAL Maize Extension Manual p. 9,,
SC,Soil Compaction,physiological_disorder,"Restricts root growth, leading to stunted plants and inducing nutrient deficiencies.",,"Use of heavy farm machinery under wet soil conditions, or lack of deep tillage.","Limits the plant's small root system, making it unable to absorb immobile nutrients like Phosphorus.",TRUE,Deep tillage/ploughing to break the hardpan.,KALRO Disease Guide p. 34,,
CTS,Cold Stress / Low Temperature Stress,physiological_disorder,Extends the life cycle of the crop (longer maturity period). Can result in poor germination and stunted early growth.,,High altitudes or planting during cool/cold seasons.,Extends the vegetative growth stage.,FALSE,"Select adapted varieties for highland zones (e.g. H6213, H6210 which mature in 160-210 days).",KCEP-CRAL Maize Extension Manual p. 6,"Highland zones (Trans Nzoia, Nandi, Nakuru, Kakamega, Bungoma).",
HTS,Heat Stress / High Temperature Stress,physiological_disorder,Exposes the crop to excessive respiration and lowers yields. Accelerates water loss.,,"Low altitudes or hot, dry weather conditions.",Often occurs in combination with water stress.,FALSE,Select adapted drought-tolerant or early-maturing varieties.,KCEP-CRAL Maize Extension Manual p. 6,Moist mid-altitude or dry land zones.,
FROST,Frost,physiological_disorder,Causes freezing and death of plant tissues. Leaves turn brown and dry up rapidly.,,Temperatures falling below freezing point.,"Frost damage is sudden and uniform across the canopy, unlike diseases.",FALSE,Avoid planting in frost-prone areas or select resistant varieties.,FAO FAW Manual p. 17,,
PGLS,Physiological or Genetical Leaf Spots,physiological_disorder,"Non-infectious spots that appear on leaves. These can be chlorotic or necrotic spots, often appearing uniformly across the leaf blade.",,"Genetically controlled or physiological response, non-infectious.",Easily confused with eyespot of maize (Kabatiella zeae) or early spotting induced by Curvularia.,FALSE,Confirm deficiency or pathogen presence via laboratory analysis before treatment.,CIMMYT Maize Diseases Guide p. 38,,
MIKD,Mechanical Injury / Kernel Damage,physiological_disorder,"Damage or wounds on stalks, leaves, or kernels. Provides entry points for pathogens.",,"Farming operations, hail, wind, or feeding by insects like thrips or birds.","Physical cuts/scars on the plant tissue, which later rot.",FALSE,Avoid injuring the plants during mechanical operations. Control insects like thrips that damage developing kernels.,KALRO Disease Guide p. 22; KCEP-CRAL Maize Extension Manual p. 12,,
ALT,Altitude Stress,physiological_disorder,"If maize is planted in very low or very high altitudes that are outside its recommended zone, poor yields will be realized.",,Planting varieties outside their recommended agro-ecological altitudes.,"Causes poor growth, small ears, and low yield due to climate mismatch.",FALSE,"Select appropriate maize varieties recommended for the specific altitude zone (e.g. H6213 for highlands, WH509 for mid-altitude).",KCEP-CRAL Maize Extension Manual p. 6,Western Region implementing counties.,
